{"cameraMode":{"drawMode":0,"name":"Shaded","section":"Shading Mode"},"sceneLighting":true,"audioPlay":false,"sceneViewState":{"showFog":true,"showMaterialUpdate":true,"showSkybox":true,"showFlares":true,"showImageEffects":true,"showParticleSystems":true},"in2DMode":false,"pivot":{"x":-18.477092742919923,"y":1.1764755249023438,"z":15.815469741821289},"rotation":{"x":-0.13490809500217439,"y":0.2041417509317398,"z":-0.02841775305569172,"w":-0.9691844582557678},"size":160.38897705078126,"orthographic":false}