{"cameraMode":{"drawMode":0,"name":"Shaded","section":"Shading Mode"},"sceneLighting":false,"audioPlay":false,"sceneViewState":{"showFog":true,"showMaterialUpdate":false,"showSkybox":true,"showFlares":true,"showImageEffects":true,"showParticleSystems":true,"showVisualEffectGraphs":true},"in2DMode":false,"pivot":{"x":6.753154277801514,"y":0.36353540420532229,"z":8.869361877441407},"rotation":{"x":0.21978487074375153,"y":-0.058492448180913928,"z":0.013202941045165062,"w":0.9737039804458618},"size":2.6822011470794679,"orthographic":false}