{"cameraMode":{"drawMode":0,"name":"Shaded","section":"Shading Mode"},"sceneLighting":true,"audioPlay":false,"sceneViewState":{"showFog":true,"showMaterialUpdate":false,"showSkybox":true,"showFlares":true,"showImageEffects":true,"showParticleSystems":true,"showVisualEffectGraphs":true,"m_FxEnabled":true},"in2DMode":false,"pivot":{"x":-4.038819313049316,"y":-0.12194538116455078,"z":-0.8701267242431641},"rotation":{"x":0.3367813229560852,"y":-0.0042371200397610668,"z":0.0015155172441154719,"w":0.9415721297264099},"size":17.89702606201172,"orthographic":false}