{"cameraMode":{"drawMode":0,"name":"Shaded","section":"Shading Mode"},"sceneLighting":true,"audioPlay":false,"sceneViewState":{"showFog":true,"showMaterialUpdate":false,"showSkybox":true,"showFlares":true,"showImageEffects":true,"showParticleSystems":true,"showVisualEffectGraphs":true},"in2DMode":false,"pivot":{"x":6.000919342041016,"y":0.6778873205184937,"z":8.469722747802735},"rotation":{"x":0.11597724258899689,"y":-0.60623699426651,"z":0.08996280282735825,"w":0.7816312909126282},"size":2.857893943786621,"orthographic":false}