{"cameraMode":{"drawMode":0,"name":"Shaded","section":"Shading Mode"},"sceneLighting":true,"audioPlay":false,"sceneViewState":{"showFog":true,"showMaterialUpdate":false,"showSkybox":true,"showFlares":true,"showImageEffects":true,"showParticleSystems":true,"showVisualEffectGraphs":true,"m_FxEnabled":true},"in2DMode":false,"pivot":{"x":1.2443079948425294,"y":-0.1724405288696289,"z":-5.306979656219482},"rotation":{"x":0.5764564275741577,"y":0.004902693443000317,"z":-0.0034587804693728687,"w":0.8171056509017944},"size":9.935832023620606,"orthographic":false}