{"cameraMode":{"drawMode":0,"name":"Shaded","section":"Shading Mode"},"sceneLighting":true,"audioPlay":false,"sceneViewState":{"showFog":true,"showMaterialUpdate":false,"showSkybox":true,"showFlares":true,"showImageEffects":true,"showParticleSystems":true,"showVisualEffectGraphs":true},"in2DMode":false,"pivot":{"x":-123.82870483398438,"y":1.6112089157104493,"z":33.57591247558594},"rotation":{"x":0.161887526512146,"y":-0.8092372417449951,"z":0.2618093192577362,"w":0.5003843307495117},"size":25.56757164001465,"orthographic":false}